id,age,sex,group,sbp,dbp,chol,hdl,bmi,smoking,ecg,outcome,followup_months,event,site
1,73,Female,Placebo,128,79,174,38,27.2,1,Normal,0,15.4,0,2
2,71,Male,Drug,148,92,212,50,28.9,0,Normal,0,33.7,0,2
3,66,Male,Placebo,139,82,236,43,26.2,0,Normal,0,101.6,1,1
4,74,Female,Placebo,131,86,213,57,29.3,1,Normal,0,74.3,0,3
5,45,Female,Drug,138,78,244,40,37.9,1,LVH,0,36.0,0,3
6,55,Male,Placebo,149,90,225,58,22.2,0,ST-T abnormal,0,48.2,1,1
7,48,Female,Placebo,131,78,230,65,28.6,0,ST-T abnormal,0,86.8,0,1
8,58,Male,Drug,157,97,192,51,25.9,1,LVH,0,32.3,0,3
9,43,Female,Drug,122,77,223,36,29.5,1,ST-T abnormal,0,6.4,1,1
10,65,Female,Placebo,146,84,214,61,27.6,0,Normal,0,13.0,0,3
11,60,Male,Drug,142,92,199,46,31.3,0,ST-T abnormal,0,41.5,0,2
12,46,Male,Drug,124,77,220,28,32.8,0,Normal,0,2.8,0,2
13,51,Male,Drug,141,76,220,42,29.3,0,Normal,0,55.9,0,1
14,65,Male,Drug,132,70,213,45,32.7,0,Normal,0,4.4,0,2
15,71,Male,Placebo,146,90,288,51,20.2,1,LVH,0,21.7,0,1
16,84,Male,Placebo,175,107,225,48,34.3,0,Normal,0,53.8,0,2
17,88,Male,Drug,133,82,207,45,30.0,1,Normal,0,10.0,0,2
18,63,Female,Placebo,111,69,147,67,31.3,1,Normal,0,37.9,0,1
19,51,Male,Placebo,167,105,209,57,24.2,1,Normal,0,120.0,0,2
20,35,Female,Drug,161,106,202,24,24.4,0,Normal,0,3.6,0,2
21,65,Male,Placebo,144,83,212,43,29.1,0,ST-T abnormal,0,51.1,0,3
22,49,Female,Drug,103,57,251,49,27.3,1,ST-T abnormal,0,56.1,0,1
23,53,Female,Placebo,137,78,212,38,28.4,0,Normal,0,57.3,0,3
24,55,Male,Placebo,142,90,278,47,32.5,0,Normal,0,120.0,1,3
25,60,Male,Placebo,145,97,237,57,22.2,0,Normal,0,65.7,0,3
26,74,Male,Drug,127,76,220,32,32.1,0,Normal,0,120.0,0,3
27,60,Female,Placebo,152,79,212,57,27.4,0,Normal,0,36.5,0,2
28,60,Male,Drug,145,80,223,34,27.9,0,ST-T abnormal,0,37.9,0,3
29,51,Male,Drug,114,66,281,36,23.3,1,ST-T abnormal,0,120.0,0,3
30,40,Female,Drug,137,82,135,63,29.2,0,Normal,0,49.1,0,2
31,53,Female,Placebo,170,103,153,49,18.7,0,Normal,0,17.6,0,1
32,57,Female,Drug,135,84,187,54,29.7,1,Normal,0,77.0,0,2
33,77,Female,Placebo,145,88,210,37,22.0,1,Normal,0,53.1,0,3
34,63,Male,Placebo,147,97,256,63,28.8,1,LVH,0,68.2,0,3
35,73,Male,Drug,151,90,234,47,28.2,0,ST-T abnormal,0,49.0,0,2
36,53,Female,Drug,107,61,193,48,31.6,0,LVH,0,98.2,0,1
37,49,Male,Drug,136,87,259,47,28.0,1,LVH,0,25.7,0,3
38,51,Male,Placebo,139,77,271,33,26.1,0,ST-T abnormal,0,10.1,0,1
39,50,Female,Placebo,166,105,224,65,25.6,0,LVH,0,13.3,0,1
40,85,Male,Drug,144,90,246,39,33.2,1,Normal,1,66.9,1,2
41,49,Female,Placebo,163,100,227,52,29.3,0,Normal,0,52.4,0,3
42,71,Male,Drug,126,88,202,38,27.2,1,Normal,0,120.0,1,1
43,52,Male,Placebo,153,91,260,41,27.7,0,Normal,0,40.0,0,2
44,68,Female,Placebo,151,106,216,60,21.8,0,Normal,0,17.0,0,1
45,62,Female,Placebo,132,80,214,56,28.8,1,Normal,0,120.0,0,2
46,60,Male,Placebo,150,85,282,52,22.3,0,ST-T abnormal,0,120.0,0,1
47,58,Female,Placebo,160,100,137,54,30.1,0,ST-T abnormal,0,91.0,0,2
48,55,Male,Drug,131,75,179,47,29.1,0,Normal,0,120.0,0,2
49,67,Male,Drug,117,68,183,38,37.2,0,Normal,0,28.0,0,1
50,57,Male,Drug,136,87,212,62,24.6,0,ST-T abnormal,0,15.9,0,1
51,49,Male,Placebo,131,85,230,32,28.2,1,Normal,0,21.6,0,3
52,44,Female,Placebo,133,79,172,65,33.9,0,Normal,0,118.3,0,1
53,60,Female,Placebo,143,95,183,66,31.7,0,Normal,0,80.2,0,1
54,75,Female,Placebo,125,84,183,46,24.9,0,Normal,0,3.3,0,1
55,60,Female,Drug,111,77,282,70,28.2,0,Normal,0,61.8,0,3
56,57,Female,Placebo,149,96,274,63,27.4,0,ST-T abnormal,0,18.4,0,2
57,65,Male,Drug,132,90,208,51,29.6,1,ST-T abnormal,0,120.0,0,1
58,72,Female,Drug,102,55,188,50,24.9,0,ST-T abnormal,0,83.3,0,3
59,64,Male,Placebo,160,97,197,44,28.3,1,Normal,0,59.7,0,1
60,57,Male,Placebo,151,88,175,44,22.8,0,ST-T abnormal,0,41.9,0,2
61,74,Male,Placebo,143,89,227,50,29.1,0,ST-T abnormal,0,11.3,0,1
62,67,Male,Drug,122,72,189,55,30.2,0,Normal,0,66.1,0,3
63,75,Female,Placebo,161,99,208,56,26.6,0,ST-T abnormal,0,41.2,0,3
64,64,Male,Drug,144,101,171,34,22.8,1,Normal,0,97.2,0,3
65,45,Female,Placebo,172,106,195,61,31.0,0,Normal,0,22.2,0,1
66,43,Female,Placebo,144,92,225,62,28.7,0,Normal,0,59.5,0,1
67,80,Male,Drug,150,92,229,48,26.0,1,Normal,0,5.8,0,3
68,77,Female,Drug,137,85,211,57,26.4,1,Normal,0,12.6,0,3
69,56,Female,Drug,144,89,162,48,22.0,1,Normal,0,12.1,1,1
70,54,Female,Placebo,150,96,244,46,23.7,0,Normal,0,23.7,0,3
71,78,Male,Drug,162,107,192,34,26.7,0,LVH,0,109.1,1,3
72,46,Female,Placebo,132,92,239,39,31.8,0,Normal,0,34.0,0,2
73,48,Female,Placebo,133,84,218,56,25.1,1,Normal,0,40.5,0,2
74,65,Female,Placebo,139,90,169,53,29.7,0,Normal,0,4.5,0,1
75,58,Male,Drug,148,85,213,38,26.7,1,LVH,0,32.6,0,1
76,58,Female,Placebo,164,101,227,27,28.3,0,Normal,0,35.7,0,1
77,56,Female,Drug,126,84,224,39,26.9,1,LVH,0,22.3,0,1
78,62,Female,Placebo,139,91,210,64,30.5,0,Normal,0,57.5,0,3
79,77,Male,Placebo,158,99,279,40,26.7,0,Normal,0,37.0,0,2
80,63,Male,Placebo,145,95,266,49,22.9,1,Normal,0,9.6,0,3
81,69,Male,Placebo,164,105,224,33,23.6,0,Normal,0,49.0,0,1
82,35,Female,Drug,93,65,235,63,25.5,0,ST-T abnormal,0,37.7,0,3
83,57,Female,Placebo,131,83,278,53,22.9,1,ST-T abnormal,0,22.3,0,1
84,53,Male,Drug,124,75,288,45,30.1,1,Normal,0,1.4,0,3
85,49,Male,Drug,101,65,187,63,26.9,0,LVH,0,28.6,0,1
86,52,Male,Drug,121,57,196,56,37.1,1,Normal,0,120.0,0,1
87,54,Female,Drug,119,76,252,47,21.1,1,Normal,0,96.9,0,1
88,68,Female,Drug,134,61,167,45,28.1,0,Normal,0,46.2,0,3
89,47,Male,Drug,149,82,185,39,24.5,0,Normal,0,11.3,0,1
90,62,Male,Drug,135,86,207,47,26.8,1,ST-T abnormal,0,78.9,0,2
91,53,Female,Placebo,127,82,231,53,27.9,0,Normal,0,90.6,0,2
92,58,Male,Placebo,146,84,232,42,20.2,0,Normal,0,2.5,0,3
93,73,Male,Drug,157,93,198,55,29.5,0,Normal,0,120.0,1,2
94,64,Female,Drug,121,83,180,49,34.3,0,Normal,0,120.0,0,1
95,77,Male,Drug,131,78,195,63,27.0,0,Normal,0,13.3,0,2
96,56,Female,Placebo,150,106,188,55,28.3,0,ST-T abnormal,0,23.4,0,1
97,50,Female,Drug,127,79,279,66,31.1,0,Normal,0,3.7,0,3
98,60,Male,Drug,147,94,233,45,28.0,1,Normal,0,86.0,0,3
99,65,Male,Drug,139,96,250,51,26.5,0,Normal,0,38.9,0,1
100,60,Female,Drug,144,90,187,43,19.2,0,Normal,0,65.8,0,3
101,50,Male,Drug,120,68,220,34,30.9,1,Normal,0,56.6,0,1
102,59,Female,Placebo,143,88,192,58,27.0,1,ST-T abnormal,0,72.1,0,2
103,65,Male,Placebo,147,91,149,55,25.0,0,LVH,0,32.8,0,2
104,86,Female,Placebo,136,76,163,54,27.9,1,Normal,0,15.4,0,1
105,83,Male,Placebo,134,82,170,34,26.5,1,LVH,0,30.9,0,2
106,53,Male,Placebo,155,92,165,34,26.7,1,Normal,0,9.1,0,1
107,59,Male,Drug,132,87,185,29,30.8,0,ST-T abnormal,0,120.0,0,3
108,46,Male,Placebo,129,80,282,30,23.8,1,ST-T abnormal,0,29.0,0,3
109,52,Female,Placebo,140,85,216,55,31.2,0,ST-T abnormal,0,17.1,0,3
110,65,Male,Drug,155,95,263,52,23.6,1,ST-T abnormal,0,23.4,0,2
111,71,Female,Placebo,116,73,225,54,25.0,1,Normal,0,24.9,0,2
112,54,Male,Drug,115,75,250,22,35.5,0,Normal,0,36.8,0,2
113,55,Male,Placebo,133,76,208,44,32.7,1,Normal,0,37.0,0,3
114,34,Female,Placebo,155,90,240,53,27.8,0,Normal,0,18.6,0,2
115,60,Male,Placebo,152,101,258,65,25.2,1,ST-T abnormal,0,37.6,0,2
116,50,Male,Placebo,155,94,220,33,26.7,1,Normal,0,120.0,1,2
117,52,Female,Placebo,125,69,235,50,27.7,1,Normal,0,6.8,0,2
118,48,Female,Placebo,124,80,237,69,27.5,0,Normal,0,11.1,0,2
119,57,Female,Placebo,149,95,198,58,27.1,0,Normal,0,120.0,0,3
120,39,Female,Drug,127,70,173,55,27.3,0,ST-T abnormal,0,89.7,0,2
121,42,Female,Placebo,145,91,183,55,26.6,0,ST-T abnormal,0,120.0,0,3
122,85,Male,Drug,144,94,218,45,23.4,0,Normal,0,64.8,1,3
123,48,Male,Drug,137,87,237,49,26.7,0,Normal,0,108.6,0,2
124,46,Female,Drug,131,85,182,43,30.7,1,Normal,0,4.7,0,3
125,82,Male,Placebo,166,94,229,54,23.7,0,Normal,0,103.7,0,1
126,88,Male,Drug,159,101,233,30,27.9,1,ST-T abnormal,0,43.2,0,3
127,45,Female,Drug,106,64,227,53,24.4,0,Normal,0,112.9,0,1
128,58,Male,Drug,106,63,273,44,29.0,1,Normal,0,49.2,0,2
129,66,Male,Drug,154,101,262,36,27.2,0,Normal,0,1.0,0,1
130,81,Male,Drug,162,109,185,42,33.9,0,LVH,0,20.0,0,2
131,51,Male,Placebo,130,91,292,40,30.4,1,ST-T abnormal,0,12.0,0,2
132,59,Male,Drug,111,77,206,32,23.9,0,Normal,0,71.9,0,3
133,67,Female,Placebo,148,91,246,51,29.8,0,Normal,0,57.5,0,1
134,67,Male,Placebo,163,103,235,36,25.8,1,Normal,0,19.0,0,3
135,58,Male,Drug,162,105,210,45,26.5,0,LVH,0,28.1,0,3
136,57,Female,Drug,140,88,146,40,28.5,0,Normal,0,13.0,0,2
137,47,Male,Placebo,138,86,233,52,26.8,0,Normal,0,11.8,0,2
138,55,Female,Drug,119,79,155,39,30.6,0,LVH,0,5.7,0,3
139,55,Female,Drug,132,81,235,45,24.6,1,ST-T abnormal,0,38.9,0,1
140,61,Female,Placebo,140,82,263,48,25.2,0,Normal,0,16.5,0,3
141,56,Male,Placebo,132,79,211,58,26.2,0,Normal,0,31.9,0,1
142,63,Female,Placebo,173,111,224,57,25.4,1,Normal,1,44.5,1,3
143,69,Female,Drug,162,100,177,48,31.4,0,Normal,0,46.4,0,1
144,60,Female,Placebo,160,101,195,58,29.7,0,Normal,0,12.5,0,3
145,66,Male,Placebo,137,89,258,27,34.8,1,LVH,0,18.8,0,3
146,63,Male,Drug,151,91,221,42,36.8,0,LVH,0,1.0,0,1
147,58,Female,Placebo,152,99,271,72,23.7,0,Normal,0,28.0,0,2
148,50,Female,Drug,136,87,191,51,27.7,0,Normal,0,72.3,0,2
149,65,Male,Drug,157,90,253,43,24.4,0,Normal,0,1.9,0,1
150,57,Female,Placebo,152,103,219,59,24.6,0,Normal,0,94.6,0,2
151,85,Male,Drug,157,94,241,50,26.3,0,ST-T abnormal,0,118.2,0,3
152,75,Female,Drug,148,82,184,32,23.6,1,Normal,0,43.5,0,1
153,66,Male,Placebo,155,90,232,31,24.8,1,Normal,0,94.8,0,3
154,50,Female,Placebo,115,65,214,56,26.9,0,Normal,0,32.2,0,3
155,46,Female,Placebo,140,87,192,48,23.0,1,Normal,0,17.1,1,2
156,75,Male,Placebo,145,88,252,58,31.6,0,Normal,0,3.3,0,2
157,61,Female,Placebo,126,76,236,51,24.1,1,ST-T abnormal,0,2.6,0,2
158,67,Male,Drug,164,105,240,25,38.7,1,ST-T abnormal,0,95.4,0,1
159,43,Male,Drug,156,99,277,31,27.0,0,Normal,0,120.0,0,2
160,72,Male,Drug,161,102,266,20,28.9,0,ST-T abnormal,0,41.2,0,3
161,67,Male,Drug,144,92,209,40,23.9,0,Normal,0,116.0,0,1
162,50,Male,Placebo,163,105,250,44,34.7,1,ST-T abnormal,0,53.3,0,3
163,53,Female,Drug,131,69,185,46,31.4,0,Normal,0,87.3,0,3
164,61,Female,Drug,137,83,203,60,28.5,0,Normal,0,49.1,0,3
165,59,Female,Drug,118,60,184,61,22.6,0,LVH,0,46.9,0,2
166,59,Male,Drug,143,89,275,40,29.4,1,Normal,0,22.2,0,2
167,57,Female,Placebo,144,89,228,35,23.4,0,Normal,0,48.9,0,2
168,55,Female,Drug,114,77,198,56,32.7,0,Normal,0,15.6,0,3
169,60,Female,Drug,133,90,241,55,30.3,0,Normal,0,3.0,0,3
170,74,Female,Drug,138,87,129,53,27.7,0,Normal,0,39.9,0,2
171,30,Female,Drug,148,89,148,59,18.6,1,Normal,0,5.1,0,3
172,55,Female,Placebo,155,99,242,44,23.9,1,ST-T abnormal,0,29.6,0,2
173,64,Male,Drug,139,83,224,60,31.1,1,Normal,0,1.1,0,2
174,65,Male,Drug,143,89,230,33,33.0,1,Normal,0,49.6,0,1
175,58,Male,Drug,138,91,181,49,32.6,1,Normal,0,19.7,0,2
176,39,Female,Placebo,134,80,221,39,21.7,0,ST-T abnormal,0,6.9,0,2
177,66,Male,Placebo,135,89,297,38,29.7,1,Normal,0,27.8,0,3
178,77,Female,Placebo,148,96,236,68,31.1,0,Normal,0,26.2,0,3
179,45,Male,Placebo,132,76,245,44,22.6,1,Normal,0,76.7,0,1
180,72,Male,Placebo,134,89,217,54,28.6,1,ST-T abnormal,0,120.0,1,2
181,58,Male,Drug,144,93,211,44,29.6,1,ST-T abnormal,0,73.2,0,3
182,57,Female,Drug,138,86,136,49,26.3,0,Normal,0,6.6,0,2
183,46,Female,Placebo,114,66,227,66,20.7,0,ST-T abnormal,0,13.9,0,2
184,58,Male,Drug,135,79,251,40,27.4,1,Normal,0,120.0,0,3
185,72,Female,Placebo,162,97,161,38,26.2,0,Normal,0,27.1,0,2
186,64,Female,Drug,150,96,181,43,26.9,0,Normal,0,26.5,0,3
187,77,Female,Placebo,164,96,173,59,25.4,1,Normal,0,87.5,0,2
188,71,Female,Placebo,148,94,181,58,25.8,0,Normal,0,84.4,0,1
189,63,Female,Placebo,133,75,216,40,27.3,0,Normal,0,7.3,0,2
190,77,Female,Placebo,135,82,143,47,29.0,1,Normal,0,46.9,0,3
191,67,Male,Placebo,155,97,253,41,27.5,0,Normal,0,6.5,0,2
192,71,Male,Placebo,157,112,256,43,27.1,1,Normal,1,94.5,1,3
193,59,Male,Drug,155,88,215,30,28.9,1,ST-T abnormal,1,4.1,1,1
194,59,Female,Drug,149,101,124,44,20.5,0,ST-T abnormal,0,39.9,0,3
195,54,Male,Placebo,144,90,205,39,30.3,1,Normal,0,108.1,0,1
196,69,Female,Drug,119,76,240,57,27.4,0,Normal,0,30.3,0,3
197,45,Female,Drug,124,78,120,57,27.5,0,Normal,0,64.6,0,2
198,67,Female,Placebo,149,95,202,53,30.9,0,Normal,0,46.1,0,3
199,56,Female,Placebo,140,86,178,50,20.4,0,Normal,0,104.0,0,3
200,75,Male,Drug,135,92,244,43,21.5,0,Normal,0,120.0,0,3
201,66,Female,Drug,139,83,180,43,28.4,0,ST-T abnormal,0,65.7,0,3
202,82,Male,Drug,138,92,229,32,28.6,1,ST-T abnormal,0,120.0,0,2
203,66,Female,Drug,127,75,219,42,28.0,1,Normal,0,22.5,0,3
204,45,Male,Placebo,147,91,298,40,26.9,0,Normal,0,41.0,0,1
205,57,Female,Drug,127,72,197,40,29.8,0,LVH,0,31.1,0,1
206,45,Female,Drug,132,85,220,51,30.8,1,Normal,0,120.0,0,2
207,56,Male,Placebo,150,102,189,53,30.3,0,ST-T abnormal,0,88.4,0,3
208,79,Male,Drug,128,79,255,28,27.7,1,Normal,0,19.5,0,3
209,65,Female,Drug,129,79,177,50,19.8,0,Normal,0,24.4,0,2
210,54,Male,Placebo,166,96,219,44,31.4,1,Normal,0,120.0,0,2
211,47,Female,Placebo,123,75,218,57,31.8,1,Normal,0,14.3,0,2
212,62,Male,Placebo,119,64,184,46,30.9,1,LVH,0,26.5,0,3
213,49,Male,Placebo,118,68,246,33,25.4,1,Normal,0,23.7,0,3
214,51,Female,Drug,131,83,237,39,29.8,1,LVH,0,1.4,0,1
215,65,Male,Placebo,150,101,243,46,31.7,1,Normal,0,46.4,0,2
216,71,Female,Placebo,146,107,161,63,33.0,1,ST-T abnormal,0,28.0,0,2
217,65,Female,Placebo,162,97,210,34,24.2,1,LVH,0,6.9,0,3
218,33,Female,Placebo,97,69,247,57,26.6,0,Normal,0,1.0,1,2
219,61,Female,Placebo,150,94,155,65,30.1,0,Normal,0,28.7,0,3
220,63,Male,Placebo,171,105,200,45,28.8,1,ST-T abnormal,0,89.3,0,2
221,63,Female,Drug,119,76,230,55,23.4,0,Normal,0,80.3,0,3
222,76,Female,Placebo,144,90,219,48,28.9,1,LVH,0,14.1,1,1
223,39,Male,Drug,120,75,242,41,30.7,1,Normal,0,18.8,0,3
224,51,Female,Placebo,128,77,277,39,27.7,1,Normal,0,34.6,0,1
225,68,Male,Placebo,146,82,248,25,29.4,0,Normal,0,5.0,0,2
226,41,Female,Placebo,157,88,242,62,26.5,0,ST-T abnormal,0,53.1,0,3
227,78,Male,Placebo,180,116,316,37,33.9,0,LVH,1,15.5,1,3
228,66,Male,Drug,135,82,214,38,25.4,0,Normal,0,110.7,1,2
229,71,Male,Placebo,178,107,206,34,26.5,0,ST-T abnormal,0,54.3,0,2
230,52,Female,Placebo,141,87,231,41,27.4,1,LVH,0,19.4,0,1
231,67,Female,Drug,161,105,215,48,30.6,0,Normal,0,86.2,0,3
232,74,Male,Drug,141,89,202,35,23.2,0,Normal,0,118.9,0,1
233,61,Female,Drug,136,80,170,53,22.7,0,ST-T abnormal,0,40.8,0,1
234,65,Male,Placebo,155,103,307,50,21.3,0,ST-T abnormal,0,16.7,0,2
235,61,Female,Drug,179,120,213,53,27.5,0,Normal,0,120.0,1,1
236,53,Male,Placebo,157,100,214,48,24.6,0,ST-T abnormal,0,105.2,0,1
237,60,Male,Drug,128,85,252,56,27.2,0,Normal,1,120.0,1,2
238,56,Female,Placebo,156,104,213,44,29.8,1,LVH,0,58.1,0,3
239,62,Female,Drug,129,87,194,50,25.1,0,ST-T abnormal,0,54.3,0,1
240,73,Male,Placebo,145,94,249,56,29.4,1,ST-T abnormal,0,61.9,0,3
241,46,Female,Drug,142,92,166,61,26.3,0,Normal,0,9.4,1,2
242,61,Male,Placebo,149,95,246,33,31.0,0,Normal,0,48.7,1,1
243,74,Female,Placebo,153,88,272,51,29.1,1,Normal,0,9.9,0,3
244,54,Male,Placebo,146,95,252,58,26.1,0,Normal,0,15.5,0,2
245,53,Male,Placebo,150,85,225,51,28.0,1,ST-T abnormal,0,20.6,0,3
246,60,Female,Drug,140,82,187,52,31.2,0,Normal,0,75.2,0,1
247,71,Male,Drug,114,79,207,40,30.0,0,Normal,0,37.4,0,1
248,58,Female,Drug,142,93,195,47,22.4,0,Normal,0,37.4,0,1
249,77,Male,Drug,130,90,206,45,31.0,0,Normal,0,56.0,0,2
250,67,Female,Placebo,126,76,242,52,23.5,1,Normal,0,37.1,0,3
